{
  "controller/MyTaskUI-dbg.controller.js": 1720012163134,
  "model/models.js": 1720087284560,
  "utils/locate-reuse-libs.js": 1719469491586,
  "manifest.json": 1720168499402,
  "controller/MyTaskUI.controller.js": 1720012163134,
  "controller/List.controller.js": 1720109145744,
  "controller/App.controller.js": 1719469491586,
  "Component.js": 1720105329393,
  "Component-preload.js": 1720168499720,
  "controller/List-dbg.controller.js": 1720109145744,
  "model/models-dbg.js": 1720087284560,
  "i18n/i18n.properties": 1720012112055,
  "utils/locate-reuse-libs-dbg.js": 1719469491586,
  "controller/App-dbg.controller.js": 1719469491586,
  "Component-dbg.js": 1720105329393,
  "view/MyTaskUI.view.xml": 1720012079671,
  "view/List.view.xml": 1720167401827,
  "view/App.view.xml": 1719469491586,
  "css/style.css": 1720012257308,
  "index.html": 1720104619741
}